planId,chainIndex,headIndex,headDir,length,outerHead,anchoredHead,pressure,label,path,xyPath
1,1,187,R,7,False,True,40,anchored,187 186 210 234 258 282 306,19:7 18:7 18:8 18:9 18:10 18:11 18:12
1,2,516,L,7,False,True,36,anchored,516 517 493 469 445 421 397,12:21 13:21 13:20 13:19 13:18 13:17 13:16
1,3,488,R,7,False,True,36,anchored,488 487 486 462 438 414 390,8:20 7:20 6:20 6:19 6:18 6:17 6:16
1,4,559,R,7,False,True,33,anchored,559 558 582 606 630 654 678,7:23 6:23 6:24 6:25 6:26 6:27 6:28
1,5,473,R,7,False,True,32,anchored,473 472 471 470 494 495 496,17:19 16:19 15:19 14:19 14:20 15:20 16:20
1,6,437,U,7,False,True,26,anchored,437 413 389 388 387 386 385,5:18 5:17 5:16 4:16 3:16 2:16 1:16
1,7,463,U,7,False,True,26,anchored,463 439 415 416 417 418 419,7:19 7:18 7:17 8:17 9:17 10:17 11:17
1,8,404,D,7,False,True,24,anchored,404 428 427 426 425 424 423,20:16 20:17 19:17 18:17 17:17 16:17 15:17
1,9,222,R,6,False,True,28,anchored,222 221 245 269 268 244,6:9 5:9 5:10 5:11 4:11 4:10
1,10,444,U,7,False,True,25,anchored,444 420 396 395 394 393 392,12:18 12:17 12:16 11:16 10:16 9:16 8:16
1,11,66,U,7,False,True,22,anchored,66 42 41 40 39 38 37,18:2 18:1 17:1 16:1 15:1 14:1 13:1
1,12,381,L,7,False,True,23,anchored,381 382 406 430 454 478 502,21:15 22:15 22:16 22:17 22:18 22:19 22:20
1,13,79,D,7,False,True,24,anchored,79 103 127 151 175 176 177,7:3 7:4 7:5 7:6 7:7 8:7 9:7
1,14,83,D,5,False,True,21,anchored,83 107 108 109 110,11:3 11:4 12:4 13:4 14:4
1,15,664,D,6,False,True,20,anchored,664 688 712 713 714 715,16:27 16:28 16:29 17:29 18:29 19:29
1,16,736,L,7,False,True,11,anchored,736 737 738 739 763 787 811,16:30 17:30 18:30 19:30 19:31 19:32 19:33
1,17,518,D,5,False,True,24,anchored,518 542 541 540 539,14:21 14:22 13:22 12:22 11:22
1,18,461,D,7,False,True,19,anchored,461 485 509 510 511 512 513,5:19 5:20 5:21 6:21 7:21 8:21 9:21
1,19,448,L,7,False,True,18,anchored,448 449 450 474 498 522 546,16:18 17:18 18:18 18:19 18:20 18:21 18:22
1,20,225,U,5,False,True,15,anchored,225 201 200 199 198,9:9 9:8 8:8 7:8 6:8
1,21,161,U,6,False,True,15,anchored,161 137 113 89 90 91,17:6 17:5 17:4 17:3 18:3 19:3
1,22,676,L,6,False,True,26,anchored,676 677 653 629 605 581,4:28 5:28 5:27 5:26 5:25 5:24
1,23,185,R,4,False,True,15,anchored,185 184 160 136,17:7 16:7 16:6 16:5
1,24,77,L,4,False,True,17,anchored,77 78 102 126,5:3 6:3 6:4 6:5
1,25,81,U,4,False,True,16,anchored,81 57 58 59,9:3 9:2 10:2 11:2
1,26,603,R,7,False,True,14,anchored,603 602 578 554 530 506 482,3:25 2:25 2:24 2:23 2:22 2:21 2:20
1,27,674,R,7,False,True,0,anchored,674 673 697 721 745 769 793,2:28 1:28 1:29 1:30 1:31 1:32 1:33
1,28,117,D,5,False,True,10,anchored,117 141 165 189 188,21:4 21:5 21:6 21:7 20:7
1,29,194,L,5,False,True,12,anchored,194 195 196 172 148,2:8 3:8 4:8 4:7 4:6
1,30,591,L,7,False,True,13,anchored,591 592 593 569 545 521 497,15:24 16:24 17:24 17:23 17:22 17:21 17:20
1,31,750,D,6,False,True,4,anchored,750 774 798 797 796 795,6:31 6:32 6:33 5:33 4:33 3:33
1,32,371,U,4,False,True,10,anchored,371 347 323 322,11:15 11:14 11:13 10:13
1,33,235,D,6,False,True,18,anchored,235 259 283 307 308 309,19:9 19:10 19:11 19:12 20:12 21:12
1,34,67,L,4,False,True,9,anchored,67 68 69 45,19:2 20:2 21:2 21:1
1,35,410,R,7,False,True,2,anchored,410 409 408 384 360 336 312,2:17 1:17 0:17 0:16 0:15 0:14 0:13
1,36,765,L,7,False,True,-1,anchored,765 766 767 743 719 695 671,21:31 22:31 23:31 23:30 23:29 23:28 23:27
1,37,762,D,7,False,True,-1,anchored,762 786 810 809 808 807 806,18:31 18:32 18:33 17:33 16:33 15:33 14:33
1,38,560,L,3,False,True,12,anchored,560 561 562,8:23 9:23 10:23
1,39,51,R,7,False,True,1,anchored,51 50 49 48 72 96 120,3:2 2:2 1:2 0:2 0:3 0:4 0:5
1,40,700,D,3,False,True,5,anchored,700 724 725,4:29 4:30 5:30
1,41,740,D,7,False,True,-3,anchored,740 764 788 789 813 814 815,20:30 20:31 20:32 21:32 21:33 22:33 23:33
1,42,220,R,2,False,True,8,anchored,220 219,4:9 3:9
1,43,250,L,3,False,True,4,anchored,250 251 275,10:10 11:10 11:11
1,44,279,D,3,False,True,4,anchored,279 303 302,15:11 15:12 14:12
1,45,548,D,3,False,True,4,anchored,548 572 573,20:22 20:23 21:23
1,46,564,D,3,False,True,5,anchored,564 588 612,12:23 12:24 12:25
1,47,223,D,3,False,True,14,anchored,223 247 246,7:9 7:10 6:10
1,48,29,R,4,False,True,7,anchored,29 28 52 76,5:1 4:1 4:2 4:3
1,49,65,R,3,False,True,8,anchored,65 64 88,17:2 16:2 16:3
1,50,217,D,3,False,True,4,anchored,217 241 265,1:9 1:10 1:11
1,51,271,D,2,False,True,3,anchored,271 295,7:11 7:12
1,52,285,U,2,False,True,3,anchored,285 261,21:11 21:10
1,53,98,D,3,False,True,6,anchored,98 122 123,2:4 2:5 3:5
1,54,805,R,7,False,False,2,plain,805 804 803 802 801 800 776,13:33 12:33 11:33 10:33 9:33 8:33 8:32
1,55,584,L,2,False,True,8,anchored,584 585,8:24 9:24
1,56,333,R,2,False,True,5,anchored,333 332,21:13 20:13
1,57,27,R,6,False,True,-6,anchored,27 26 25 24 0 1,3:1 2:1 1:1 0:1 0:0 1:0
1,58,84,L,2,False,True,4,anchored,84 85,12:3 13:3
1,59,529,D,7,False,True,-5,anchored,529 553 577 601 625 649 648,1:22 1:23 1:24 1:25 1:26 1:27 0:27
1,60,338,U,2,False,True,3,anchored,338 314,2:14 2:13
1,61,452,D,3,False,True,6,anchored,452 476 477,20:18 20:19 21:19
1,62,647,U,7,False,False,2,plain,647 623 599 575 551 527 526,23:26 23:25 23:24 23:23 23:22 23:21 22:21
1,63,263,D,7,False,False,4,plain,263 287 311 335 359 358 357,23:10 23:11 23:12 23:13 23:14 22:14 21:14
1,64,9,L,6,False,False,4,plain,9 10 11 12 36 60,9:0 10:0 11:0 12:0 12:1 12:2
1,65,239,U,7,False,False,-2,plain,239 215 191 167 143 119 118,23:9 23:8 23:7 23:6 23:5 23:4 22:4
1,66,799,U,2,True,False,3,outer,799 775,7:33 7:32
1,67,95,U,7,False,False,-2,plain,95 71 47 23 22 21 20,23:3 23:2 23:1 23:0 22:0 21:0 20:0
1,68,32,U,7,False,False,-2,plain,32 8 7 6 5 4 3,8:1 8:0 7:0 6:0 5:0 4:0 3:0
1,69,728,U,4,False,True,13,anchored,728 704 705 706,8:30 8:29 9:29 10:29
2,1,187,R,7,False,True,40,anchored,187 186 210 234 258 282 306,19:7 18:7 18:8 18:9 18:10 18:11 18:12
2,2,516,L,7,False,True,36,anchored,516 517 493 469 445 421 397,12:21 13:21 13:20 13:19 13:18 13:17 13:16
2,3,488,R,7,False,True,36,anchored,488 487 486 462 438 414 390,8:20 7:20 6:20 6:19 6:18 6:17 6:16
2,4,559,R,7,False,True,33,anchored,559 558 582 606 630 654 678,7:23 6:23 6:24 6:25 6:26 6:27 6:28
2,5,473,R,7,False,True,32,anchored,473 472 471 470 494 495 496,17:19 16:19 15:19 14:19 14:20 15:20 16:20
2,6,437,U,7,False,True,26,anchored,437 413 389 388 387 386 385,5:18 5:17 5:16 4:16 3:16 2:16 1:16
2,7,463,U,7,False,True,26,anchored,463 439 415 416 417 418 419,7:19 7:18 7:17 8:17 9:17 10:17 11:17
2,8,404,D,7,False,True,24,anchored,404 428 427 426 425 424 423,20:16 20:17 19:17 18:17 17:17 16:17 15:17
2,9,222,R,6,False,True,28,anchored,222 221 245 269 268 244,6:9 5:9 5:10 5:11 4:11 4:10
2,10,444,U,7,False,True,25,anchored,444 420 396 395 394 393 392,12:18 12:17 12:16 11:16 10:16 9:16 8:16
2,11,66,U,7,False,True,22,anchored,66 42 41 40 39 38 37,18:2 18:1 17:1 16:1 15:1 14:1 13:1
2,12,381,L,7,False,True,23,anchored,381 382 406 430 454 478 502,21:15 22:15 22:16 22:17 22:18 22:19 22:20
2,13,79,D,7,False,True,24,anchored,79 103 127 151 175 176 177,7:3 7:4 7:5 7:6 7:7 8:7 9:7
2,14,83,D,5,False,True,21,anchored,83 107 108 109 110,11:3 11:4 12:4 13:4 14:4
2,15,664,D,6,False,True,20,anchored,664 688 712 713 714 715,16:27 16:28 16:29 17:29 18:29 19:29
2,16,736,L,7,False,True,11,anchored,736 737 738 739 763 787 811,16:30 17:30 18:30 19:30 19:31 19:32 19:33
2,17,518,D,5,False,True,24,anchored,518 542 541 540 539,14:21 14:22 13:22 12:22 11:22
2,18,461,D,7,False,True,19,anchored,461 485 509 510 511 512 513,5:19 5:20 5:21 6:21 7:21 8:21 9:21
2,19,448,L,7,False,True,18,anchored,448 449 450 474 498 522 546,16:18 17:18 18:18 18:19 18:20 18:21 18:22
2,20,225,U,5,False,True,15,anchored,225 201 200 199 198,9:9 9:8 8:8 7:8 6:8
2,21,161,U,6,False,True,15,anchored,161 137 113 89 90 91,17:6 17:5 17:4 17:3 18:3 19:3
2,22,676,L,6,False,True,26,anchored,676 677 653 629 605 581,4:28 5:28 5:27 5:26 5:25 5:24
2,23,185,R,4,False,True,15,anchored,185 184 160 136,17:7 16:7 16:6 16:5
2,24,77,L,4,False,True,17,anchored,77 78 102 126,5:3 6:3 6:4 6:5
2,25,81,U,4,False,True,16,anchored,81 57 58 59,9:3 9:2 10:2 11:2
2,26,603,R,7,False,True,14,anchored,603 602 578 554 530 506 482,3:25 2:25 2:24 2:23 2:22 2:21 2:20
2,27,674,R,7,False,True,0,anchored,674 673 697 721 745 769 793,2:28 1:28 1:29 1:30 1:31 1:32 1:33
2,28,117,D,5,False,True,10,anchored,117 141 165 189 188,21:4 21:5 21:6 21:7 20:7
2,29,194,L,5,False,True,12,anchored,194 195 196 172 148,2:8 3:8 4:8 4:7 4:6
2,30,591,L,7,False,True,13,anchored,591 592 593 569 545 521 497,15:24 16:24 17:24 17:23 17:22 17:21 17:20
2,31,750,D,6,False,True,4,anchored,750 774 798 797 796 795,6:31 6:32 6:33 5:33 4:33 3:33
2,32,371,U,4,False,True,10,anchored,371 347 323 322,11:15 11:14 11:13 10:13
2,33,741,L,7,False,True,2,anchored,741 742 743 719 695 671 647,21:30 22:30 23:30 23:29 23:28 23:27 23:26
2,34,235,D,6,False,True,18,anchored,235 259 283 307 308 309,19:9 19:10 19:11 19:12 20:12 21:12
2,35,67,L,4,False,True,9,anchored,67 68 69 45,19:2 20:2 21:2 21:1
2,36,410,R,7,False,True,2,anchored,410 409 408 384 360 336 312,2:17 1:17 0:17 0:16 0:15 0:14 0:13
2,37,740,D,7,False,True,-3,anchored,740 764 788 789 813 814 815,20:30 20:31 20:32 21:32 21:33 22:33 23:33
2,38,560,L,3,False,True,12,anchored,560 561 562,8:23 9:23 10:23
2,39,51,R,7,False,True,1,anchored,51 50 49 48 72 96 120,3:2 2:2 1:2 0:2 0:3 0:4 0:5
2,40,700,D,3,False,True,5,anchored,700 724 725,4:29 4:30 5:30
2,41,762,D,7,False,True,-1,anchored,762 786 810 809 808 807 806,18:31 18:32 18:33 17:33 16:33 15:33 14:33
2,42,220,R,2,False,True,8,anchored,220 219,4:9 3:9
2,43,250,L,3,False,True,4,anchored,250 251 275,10:10 11:10 11:11
2,44,279,D,3,False,True,4,anchored,279 303 302,15:11 15:12 14:12
2,45,548,D,3,False,True,4,anchored,548 572 573,20:22 20:23 21:23
2,46,564,D,3,False,True,5,anchored,564 588 612,12:23 12:24 12:25
2,47,223,D,3,False,True,14,anchored,223 247 246,7:9 7:10 6:10
2,48,29,R,4,False,True,7,anchored,29 28 52 76,5:1 4:1 4:2 4:3
2,49,65,R,3,False,True,8,anchored,65 64 88,17:2 16:2 16:3
2,50,217,D,3,False,True,4,anchored,217 241 265,1:9 1:10 1:11
2,51,271,D,2,False,True,3,anchored,271 295,7:11 7:12
2,52,285,U,2,False,True,3,anchored,285 261,21:11 21:10
2,53,98,D,3,False,True,6,anchored,98 122 123,2:4 2:5 3:5
2,54,805,R,7,False,False,2,plain,805 804 803 802 801 800 776,13:33 12:33 11:33 10:33 9:33 8:33 8:32
2,55,584,L,2,False,True,8,anchored,584 585,8:24 9:24
2,56,333,R,2,False,True,5,anchored,333 332,21:13 20:13
2,57,27,R,6,False,True,-6,anchored,27 26 25 24 0 1,3:1 2:1 1:1 0:1 0:0 1:0
2,58,84,L,2,False,True,4,anchored,84 85,12:3 13:3
2,59,529,D,7,False,True,-5,anchored,529 553 577 601 625 649 648,1:22 1:23 1:24 1:25 1:26 1:27 0:27
2,60,338,U,2,False,True,3,anchored,338 314,2:14 2:13
2,61,452,D,3,False,True,6,anchored,452 476 477,20:18 20:19 21:19
2,62,263,D,7,False,False,4,plain,263 287 311 335 359 358 357,23:10 23:11 23:12 23:13 23:14 22:14 21:14
2,63,9,L,6,False,False,4,plain,9 10 11 12 36 60,9:0 10:0 11:0 12:0 12:1 12:2
2,64,623,U,6,False,False,2,plain,623 599 575 551 527 526,23:25 23:24 23:23 23:22 23:21 22:21
2,65,239,U,7,False,False,-2,plain,239 215 191 167 143 119 118,23:9 23:8 23:7 23:6 23:5 23:4 22:4
2,66,799,U,2,True,False,3,outer,799 775,7:33 7:32
2,67,95,U,7,False,False,-2,plain,95 71 47 23 22 21 20,23:3 23:2 23:1 23:0 22:0 21:0 20:0
2,68,32,U,7,False,False,-2,plain,32 8 7 6 5 4 3,8:1 8:0 7:0 6:0 5:0 4:0 3:0
2,69,728,U,4,False,True,13,anchored,728 704 705 706,8:30 8:29 9:29 10:29
3,1,187,R,7,False,True,40,anchored,187 186 210 234 258 282 306,19:7 18:7 18:8 18:9 18:10 18:11 18:12
3,2,516,L,7,False,True,36,anchored,516 517 493 469 445 421 397,12:21 13:21 13:20 13:19 13:18 13:17 13:16
3,3,488,R,7,False,True,36,anchored,488 487 486 462 438 414 390,8:20 7:20 6:20 6:19 6:18 6:17 6:16
3,4,559,R,7,False,True,33,anchored,559 558 582 606 630 654 678,7:23 6:23 6:24 6:25 6:26 6:27 6:28
3,5,473,R,7,False,True,32,anchored,473 472 471 470 494 495 496,17:19 16:19 15:19 14:19 14:20 15:20 16:20
3,6,437,U,7,False,True,26,anchored,437 413 389 388 387 386 385,5:18 5:17 5:16 4:16 3:16 2:16 1:16
3,7,463,U,7,False,True,26,anchored,463 439 415 416 417 418 419,7:19 7:18 7:17 8:17 9:17 10:17 11:17
3,8,404,D,7,False,True,24,anchored,404 428 427 426 425 424 423,20:16 20:17 19:17 18:17 17:17 16:17 15:17
3,9,222,R,6,False,True,28,anchored,222 221 245 269 268 244,6:9 5:9 5:10 5:11 4:11 4:10
3,10,444,U,7,False,True,25,anchored,444 420 396 395 394 393 392,12:18 12:17 12:16 11:16 10:16 9:16 8:16
3,11,66,U,7,False,True,22,anchored,66 42 41 40 39 38 37,18:2 18:1 17:1 16:1 15:1 14:1 13:1
3,12,381,L,7,False,True,23,anchored,381 382 406 430 454 478 502,21:15 22:15 22:16 22:17 22:18 22:19 22:20
3,13,79,D,7,False,True,24,anchored,79 103 127 151 175 176 177,7:3 7:4 7:5 7:6 7:7 8:7 9:7
3,14,83,D,5,False,True,21,anchored,83 107 108 109 110,11:3 11:4 12:4 13:4 14:4
3,15,664,D,6,False,True,20,anchored,664 688 712 713 714 715,16:27 16:28 16:29 17:29 18:29 19:29
3,16,736,L,7,False,True,11,anchored,736 737 738 739 763 787 811,16:30 17:30 18:30 19:30 19:31 19:32 19:33
3,17,518,D,5,False,True,24,anchored,518 542 541 540 539,14:21 14:22 13:22 12:22 11:22
3,18,461,D,7,False,True,19,anchored,461 485 509 510 511 512 513,5:19 5:20 5:21 6:21 7:21 8:21 9:21
3,19,448,L,7,False,True,18,anchored,448 449 450 474 498 522 546,16:18 17:18 18:18 18:19 18:20 18:21 18:22
3,20,225,U,5,False,True,15,anchored,225 201 200 199 198,9:9 9:8 8:8 7:8 6:8
3,21,161,U,6,False,True,15,anchored,161 137 113 89 90 91,17:6 17:5 17:4 17:3 18:3 19:3
3,22,676,L,6,False,True,26,anchored,676 677 653 629 605 581,4:28 5:28 5:27 5:26 5:25 5:24
3,23,185,R,4,False,True,15,anchored,185 184 160 136,17:7 16:7 16:6 16:5
3,24,77,L,4,False,True,17,anchored,77 78 102 126,5:3 6:3 6:4 6:5
3,25,81,U,4,False,True,16,anchored,81 57 58 59,9:3 9:2 10:2 11:2
3,26,603,R,7,False,True,14,anchored,603 602 578 554 530 506 482,3:25 2:25 2:24 2:23 2:22 2:21 2:20
3,27,674,R,7,False,True,0,anchored,674 673 697 721 745 769 793,2:28 1:28 1:29 1:30 1:31 1:32 1:33
3,28,117,D,5,False,True,10,anchored,117 141 165 189 188,21:4 21:5 21:6 21:7 20:7
3,29,194,L,5,False,True,12,anchored,194 195 196 172 148,2:8 3:8 4:8 4:7 4:6
3,30,591,L,7,False,True,13,anchored,591 592 593 569 545 521 497,15:24 16:24 17:24 17:23 17:22 17:21 17:20
3,31,750,D,6,False,True,4,anchored,750 774 798 797 796 795,6:31 6:32 6:33 5:33 4:33 3:33
3,32,371,U,4,False,True,10,anchored,371 347 323 322,11:15 11:14 11:13 10:13
3,33,235,D,6,False,True,18,anchored,235 259 283 307 308 309,19:9 19:10 19:11 19:12 20:12 21:12
3,34,67,L,4,False,True,9,anchored,67 68 69 45,19:2 20:2 21:2 21:1
3,35,410,R,7,False,True,2,anchored,410 409 408 384 360 336 312,2:17 1:17 0:17 0:16 0:15 0:14 0:13
3,36,765,L,7,False,True,-1,anchored,765 766 767 743 719 695 671,21:31 22:31 23:31 23:30 23:29 23:28 23:27
3,37,762,D,7,False,True,-1,anchored,762 786 810 809 808 807 806,18:31 18:32 18:33 17:33 16:33 15:33 14:33
3,38,560,L,3,False,True,12,anchored,560 561 562,8:23 9:23 10:23
3,39,51,R,7,False,True,1,anchored,51 50 49 48 72 96 120,3:2 2:2 1:2 0:2 0:3 0:4 0:5
3,40,700,D,3,False,True,5,anchored,700 724 725,4:29 4:30 5:30
3,41,740,D,7,False,True,-3,anchored,740 764 788 789 813 814 815,20:30 20:31 20:32 21:32 21:33 22:33 23:33
3,42,220,R,2,False,True,8,anchored,220 219,4:9 3:9
3,43,250,L,3,False,True,4,anchored,250 251 275,10:10 11:10 11:11
3,44,279,D,3,False,True,4,anchored,279 303 302,15:11 15:12 14:12
3,45,548,D,3,False,True,4,anchored,548 572 573,20:22 20:23 21:23
3,46,564,D,3,False,True,5,anchored,564 588 612,12:23 12:24 12:25
3,47,223,D,3,False,True,14,anchored,223 247 246,7:9 7:10 6:10
3,48,29,R,4,False,True,7,anchored,29 28 52 76,5:1 4:1 4:2 4:3
3,49,65,R,3,False,True,8,anchored,65 64 88,17:2 16:2 16:3
3,50,217,D,3,False,True,4,anchored,217 241 265,1:9 1:10 1:11
3,51,271,D,2,False,True,3,anchored,271 295,7:11 7:12
3,52,285,U,2,False,True,3,anchored,285 261,21:11 21:10
3,53,98,D,3,False,True,6,anchored,98 122 123,2:4 2:5 3:5
3,54,804,R,6,False,False,2,plain,804 803 802 801 800 776,12:33 11:33 10:33 9:33 8:33 8:32
3,55,584,L,2,False,True,8,anchored,584 585,8:24 9:24
3,56,333,R,2,False,True,5,anchored,333 332,21:13 20:13
3,57,27,R,6,False,True,-6,anchored,27 26 25 24 0 1,3:1 2:1 1:1 0:1 0:0 1:0
3,58,84,L,2,False,True,4,anchored,84 85,12:3 13:3
3,59,529,D,7,False,True,-5,anchored,529 553 577 601 625 649 648,1:22 1:23 1:24 1:25 1:26 1:27 0:27
3,60,338,U,2,False,True,3,anchored,338 314,2:14 2:13
3,61,452,D,3,False,True,6,anchored,452 476 477,20:18 20:19 21:19
3,62,647,U,7,False,False,2,plain,647 623 599 575 551 527 526,23:26 23:25 23:24 23:23 23:22 23:21 22:21
3,63,263,D,7,False,False,4,plain,263 287 311 335 359 358 357,23:10 23:11 23:12 23:13 23:14 22:14 21:14
3,64,9,L,6,False,False,4,plain,9 10 11 12 36 60,9:0 10:0 11:0 12:0 12:1 12:2
3,65,239,U,7,False,False,-2,plain,239 215 191 167 143 119 118,23:9 23:8 23:7 23:6 23:5 23:4 22:4
3,66,95,U,7,False,False,-2,plain,95 71 47 23 22 21 20,23:3 23:2 23:1 23:0 22:0 21:0 20:0
3,67,32,U,7,False,False,-2,plain,32 8 7 6 5 4 3,8:1 8:0 7:0 6:0 5:0 4:0 3:0
3,68,799,U,2,True,False,3,outer,799 775,7:33 7:32
3,69,728,U,4,False,True,13,anchored,728 704 705 706,8:30 8:29 9:29 10:29
4,1,187,R,7,False,True,40,anchored,187 186 210 234 258 282 306,19:7 18:7 18:8 18:9 18:10 18:11 18:12
4,2,516,L,7,False,True,36,anchored,516 517 493 469 445 421 397,12:21 13:21 13:20 13:19 13:18 13:17 13:16
4,3,488,R,7,False,True,36,anchored,488 487 486 462 438 414 390,8:20 7:20 6:20 6:19 6:18 6:17 6:16
4,4,559,R,7,False,True,33,anchored,559 558 582 606 630 654 678,7:23 6:23 6:24 6:25 6:26 6:27 6:28
4,5,473,R,7,False,True,32,anchored,473 472 471 470 494 495 496,17:19 16:19 15:19 14:19 14:20 15:20 16:20
4,6,437,U,7,False,True,26,anchored,437 413 389 388 387 386 385,5:18 5:17 5:16 4:16 3:16 2:16 1:16
4,7,463,U,7,False,True,26,anchored,463 439 415 416 417 418 419,7:19 7:18 7:17 8:17 9:17 10:17 11:17
4,8,404,D,7,False,True,24,anchored,404 428 427 426 425 424 423,20:16 20:17 19:17 18:17 17:17 16:17 15:17
4,9,222,R,6,False,True,28,anchored,222 221 245 269 268 244,6:9 5:9 5:10 5:11 4:11 4:10
4,10,444,U,7,False,True,25,anchored,444 420 396 395 394 393 392,12:18 12:17 12:16 11:16 10:16 9:16 8:16
4,11,66,U,7,False,True,22,anchored,66 42 41 40 39 38 37,18:2 18:1 17:1 16:1 15:1 14:1 13:1
4,12,381,L,7,False,True,23,anchored,381 382 406 430 454 478 502,21:15 22:15 22:16 22:17 22:18 22:19 22:20
4,13,79,D,7,False,True,24,anchored,79 103 127 151 175 176 177,7:3 7:4 7:5 7:6 7:7 8:7 9:7
4,14,83,D,5,False,True,21,anchored,83 107 108 109 110,11:3 11:4 12:4 13:4 14:4
4,15,664,D,6,False,True,20,anchored,664 688 712 713 714 715,16:27 16:28 16:29 17:29 18:29 19:29
4,16,736,L,7,False,True,11,anchored,736 737 738 739 763 787 811,16:30 17:30 18:30 19:30 19:31 19:32 19:33
4,17,518,D,5,False,True,24,anchored,518 542 541 540 539,14:21 14:22 13:22 12:22 11:22
4,18,461,D,7,False,True,19,anchored,461 485 509 510 511 512 513,5:19 5:20 5:21 6:21 7:21 8:21 9:21
4,19,448,L,7,False,True,18,anchored,448 449 450 474 498 522 546,16:18 17:18 18:18 18:19 18:20 18:21 18:22
4,20,225,U,5,False,True,15,anchored,225 201 200 199 198,9:9 9:8 8:8 7:8 6:8
4,21,161,U,6,False,True,15,anchored,161 137 113 89 90 91,17:6 17:5 17:4 17:3 18:3 19:3
4,22,676,L,6,False,True,26,anchored,676 677 653 629 605 581,4:28 5:28 5:27 5:26 5:25 5:24
4,23,185,R,4,False,True,15,anchored,185 184 160 136,17:7 16:7 16:6 16:5
4,24,77,L,4,False,True,17,anchored,77 78 102 126,5:3 6:3 6:4 6:5
4,25,81,U,4,False,True,16,anchored,81 57 58 59,9:3 9:2 10:2 11:2
4,26,603,R,7,False,True,14,anchored,603 602 578 554 530 506 482,3:25 2:25 2:24 2:23 2:22 2:21 2:20
4,27,674,R,7,False,True,0,anchored,674 673 697 721 745 769 793,2:28 1:28 1:29 1:30 1:31 1:32 1:33
4,28,117,D,5,False,True,10,anchored,117 141 165 189 188,21:4 21:5 21:6 21:7 20:7
4,29,194,L,5,False,True,12,anchored,194 195 196 172 148,2:8 3:8 4:8 4:7 4:6
4,30,591,L,7,False,True,13,anchored,591 592 593 569 545 521 497,15:24 16:24 17:24 17:23 17:22 17:21 17:20
4,31,750,D,6,False,True,4,anchored,750 774 798 797 796 795,6:31 6:32 6:33 5:33 4:33 3:33
4,32,371,U,4,False,True,10,anchored,371 347 323 322,11:15 11:14 11:13 10:13
4,33,235,D,6,False,True,18,anchored,235 259 283 307 308 309,19:9 19:10 19:11 19:12 20:12 21:12
4,34,67,L,4,False,True,9,anchored,67 68 69 45,19:2 20:2 21:2 21:1
4,35,410,R,7,False,True,2,anchored,410 409 408 384 360 336 312,2:17 1:17 0:17 0:16 0:15 0:14 0:13
4,36,765,L,7,False,True,-1,anchored,765 766 767 743 719 695 671,21:31 22:31 23:31 23:30 23:29 23:28 23:27
4,37,762,D,7,False,True,-1,anchored,762 786 810 809 808 807 806,18:31 18:32 18:33 17:33 16:33 15:33 14:33
4,38,560,L,3,False,True,12,anchored,560 561 562,8:23 9:23 10:23
4,39,51,R,7,False,True,1,anchored,51 50 49 48 72 96 120,3:2 2:2 1:2 0:2 0:3 0:4 0:5
4,40,220,R,2,False,True,8,anchored,220 219,4:9 3:9
4,41,740,D,7,False,True,-3,anchored,740 764 788 789 813 814 815,20:30 20:31 20:32 21:32 21:33 22:33 23:33
4,42,250,L,3,False,True,4,anchored,250 251 275,10:10 11:10 11:11
4,43,279,D,3,False,True,4,anchored,279 303 302,15:11 15:12 14:12
4,44,548,D,3,False,True,4,anchored,548 572 573,20:22 20:23 21:23
4,45,564,D,3,False,True,5,anchored,564 588 612,12:23 12:24 12:25
4,46,223,D,3,False,True,14,anchored,223 247 246,7:9 7:10 6:10
4,47,29,R,4,False,True,7,anchored,29 28 52 76,5:1 4:1 4:2 4:3
4,48,65,R,3,False,True,8,anchored,65 64 88,17:2 16:2 16:3
4,49,217,D,3,False,True,4,anchored,217 241 265,1:9 1:10 1:11
4,50,271,D,2,False,True,3,anchored,271 295,7:11 7:12
4,51,728,U,4,False,True,13,anchored,728 704 705 706,8:30 8:29 9:29 10:29
4,52,285,U,2,False,True,3,anchored,285 261,21:11 21:10
4,53,98,D,3,False,True,6,anchored,98 122 123,2:4 2:5 3:5
4,54,805,R,7,False,False,2,plain,805 804 803 802 801 800 776,13:33 12:33 11:33 10:33 9:33 8:33 8:32
4,55,700,D,2,False,True,4,anchored,700 724,4:29 4:30
4,56,584,L,2,False,True,8,anchored,584 585,8:24 9:24
4,57,333,R,2,False,True,5,anchored,333 332,21:13 20:13
4,58,27,R,6,False,True,-6,anchored,27 26 25 24 0 1,3:1 2:1 1:1 0:1 0:0 1:0
4,59,84,L,2,False,True,4,anchored,84 85,12:3 13:3
4,60,529,D,7,False,True,-5,anchored,529 553 577 601 625 649 648,1:22 1:23 1:24 1:25 1:26 1:27 0:27
4,61,338,U,2,False,True,3,anchored,338 314,2:14 2:13
4,62,452,D,3,False,True,6,anchored,452 476 477,20:18 20:19 21:19
4,63,647,U,7,False,False,2,plain,647 623 599 575 551 527 526,23:26 23:25 23:24 23:23 23:22 23:21 22:21
4,64,263,D,7,False,False,4,plain,263 287 311 335 359 358 357,23:10 23:11 23:12 23:13 23:14 22:14 21:14
4,65,9,L,6,False,False,4,plain,9 10 11 12 36 60,9:0 10:0 11:0 12:0 12:1 12:2
4,66,239,U,7,False,False,-2,plain,239 215 191 167 143 119 118,23:9 23:8 23:7 23:6 23:5 23:4 22:4
4,67,95,U,7,False,False,-2,plain,95 71 47 23 22 21 20,23:3 23:2 23:1 23:0 22:0 21:0 20:0
4,68,799,U,2,True,False,3,outer,799 775,7:33 7:32
4,69,32,U,7,False,False,-2,plain,32 8 7 6 5 4 3,8:1 8:0 7:0 6:0 5:0 4:0 3:0
5,1,187,R,7,False,True,40,anchored,187 186 210 234 258 282 306,19:7 18:7 18:8 18:9 18:10 18:11 18:12
5,2,516,L,7,False,True,36,anchored,516 517 493 469 445 421 397,12:21 13:21 13:20 13:19 13:18 13:17 13:16
5,3,488,R,7,False,True,36,anchored,488 487 486 462 438 414 390,8:20 7:20 6:20 6:19 6:18 6:17 6:16
5,4,559,R,7,False,True,33,anchored,559 558 582 606 630 654 678,7:23 6:23 6:24 6:25 6:26 6:27 6:28
5,5,473,R,7,False,True,32,anchored,473 472 471 470 494 495 496,17:19 16:19 15:19 14:19 14:20 15:20 16:20
5,6,437,U,7,False,True,26,anchored,437 413 389 388 387 386 385,5:18 5:17 5:16 4:16 3:16 2:16 1:16
5,7,463,U,7,False,True,26,anchored,463 439 415 416 417 418 419,7:19 7:18 7:17 8:17 9:17 10:17 11:17
5,8,404,D,7,False,True,24,anchored,404 428 427 426 425 424 423,20:16 20:17 19:17 18:17 17:17 16:17 15:17
5,9,222,R,6,False,True,28,anchored,222 221 245 269 268 244,6:9 5:9 5:10 5:11 4:11 4:10
5,10,444,U,7,False,True,25,anchored,444 420 396 395 394 393 392,12:18 12:17 12:16 11:16 10:16 9:16 8:16
5,11,66,U,7,False,True,22,anchored,66 42 41 40 39 38 37,18:2 18:1 17:1 16:1 15:1 14:1 13:1
5,12,381,L,7,False,True,23,anchored,381 382 406 430 454 478 502,21:15 22:15 22:16 22:17 22:18 22:19 22:20
5,13,79,D,7,False,True,24,anchored,79 103 127 151 175 176 177,7:3 7:4 7:5 7:6 7:7 8:7 9:7
5,14,83,D,5,False,True,21,anchored,83 107 108 109 110,11:3 11:4 12:4 13:4 14:4
5,15,664,D,6,False,True,20,anchored,664 688 712 713 714 715,16:27 16:28 16:29 17:29 18:29 19:29
5,16,736,L,7,False,True,11,anchored,736 737 738 739 763 787 811,16:30 17:30 18:30 19:30 19:31 19:32 19:33
5,17,518,D,5,False,True,24,anchored,518 542 541 540 539,14:21 14:22 13:22 12:22 11:22
5,18,461,D,7,False,True,19,anchored,461 485 509 510 511 512 513,5:19 5:20 5:21 6:21 7:21 8:21 9:21
5,19,448,L,7,False,True,18,anchored,448 449 450 474 498 522 546,16:18 17:18 18:18 18:19 18:20 18:21 18:22
5,20,225,U,5,False,True,15,anchored,225 201 200 199 198,9:9 9:8 8:8 7:8 6:8
5,21,161,U,6,False,True,15,anchored,161 137 113 89 90 91,17:6 17:5 17:4 17:3 18:3 19:3
5,22,676,L,6,False,True,26,anchored,676 677 653 629 605 581,4:28 5:28 5:27 5:26 5:25 5:24
5,23,185,R,4,False,True,15,anchored,185 184 160 136,17:7 16:7 16:6 16:5
5,24,77,L,4,False,True,17,anchored,77 78 102 126,5:3 6:3 6:4 6:5
5,25,81,U,4,False,True,16,anchored,81 57 58 59,9:3 9:2 10:2 11:2
5,26,603,R,7,False,True,14,anchored,603 602 578 554 530 506 482,3:25 2:25 2:24 2:23 2:22 2:21 2:20
5,27,674,R,7,False,True,0,anchored,674 673 697 721 745 769 793,2:28 1:28 1:29 1:30 1:31 1:32 1:33
5,28,117,D,5,False,True,10,anchored,117 141 165 189 188,21:4 21:5 21:6 21:7 20:7
5,29,194,L,5,False,True,12,anchored,194 195 196 172 148,2:8 3:8 4:8 4:7 4:6
5,30,591,L,7,False,True,13,anchored,591 592 593 569 545 521 497,15:24 16:24 17:24 17:23 17:22 17:21 17:20
5,31,750,D,6,False,True,4,anchored,750 774 798 797 796 795,6:31 6:32 6:33 5:33 4:33 3:33
5,32,371,U,4,False,True,10,anchored,371 347 323 322,11:15 11:14 11:13 10:13
5,33,741,L,7,False,True,2,anchored,741 742 743 719 695 671 647,21:30 22:30 23:30 23:29 23:28 23:27 23:26
5,34,235,D,6,False,True,18,anchored,235 259 283 307 308 309,19:9 19:10 19:11 19:12 20:12 21:12
5,35,67,L,4,False,True,9,anchored,67 68 69 45,19:2 20:2 21:2 21:1
5,36,410,R,7,False,True,2,anchored,410 409 408 384 360 336 312,2:17 1:17 0:17 0:16 0:15 0:14 0:13
5,37,740,D,7,False,True,-3,anchored,740 764 788 789 813 814 815,20:30 20:31 20:32 21:32 21:33 22:33 23:33
5,38,560,L,3,False,True,12,anchored,560 561 562,8:23 9:23 10:23
5,39,51,R,7,False,True,1,anchored,51 50 49 48 72 96 120,3:2 2:2 1:2 0:2 0:3 0:4 0:5
5,40,700,D,3,False,True,5,anchored,700 724 725,4:29 4:30 5:30
5,41,762,D,7,False,True,-1,anchored,762 786 810 809 808 807 806,18:31 18:32 18:33 17:33 16:33 15:33 14:33
5,42,220,R,2,False,True,8,anchored,220 219,4:9 3:9
5,43,250,L,3,False,True,4,anchored,250 251 275,10:10 11:10 11:11
5,44,279,D,3,False,True,4,anchored,279 303 302,15:11 15:12 14:12
5,45,548,D,3,False,True,4,anchored,548 572 573,20:22 20:23 21:23
5,46,564,D,3,False,True,5,anchored,564 588 612,12:23 12:24 12:25
5,47,223,D,3,False,True,14,anchored,223 247 246,7:9 7:10 6:10
5,48,29,R,4,False,True,7,anchored,29 28 52 76,5:1 4:1 4:2 4:3
5,49,65,R,3,False,True,8,anchored,65 64 88,17:2 16:2 16:3
5,50,217,D,3,False,True,4,anchored,217 241 265,1:9 1:10 1:11
5,51,271,D,2,False,True,3,anchored,271 295,7:11 7:12
5,52,285,U,2,False,True,3,anchored,285 261,21:11 21:10
5,53,98,D,3,False,True,6,anchored,98 122 123,2:4 2:5 3:5
5,54,804,R,6,False,False,2,plain,804 803 802 801 800 776,12:33 11:33 10:33 9:33 8:33 8:32
5,55,584,L,2,False,True,8,anchored,584 585,8:24 9:24
5,56,333,R,2,False,True,5,anchored,333 332,21:13 20:13
5,57,27,R,6,False,True,-6,anchored,27 26 25 24 0 1,3:1 2:1 1:1 0:1 0:0 1:0
5,58,84,L,2,False,True,4,anchored,84 85,12:3 13:3
5,59,529,D,7,False,True,-5,anchored,529 553 577 601 625 649 648,1:22 1:23 1:24 1:25 1:26 1:27 0:27
5,60,338,U,2,False,True,3,anchored,338 314,2:14 2:13
5,61,452,D,3,False,True,6,anchored,452 476 477,20:18 20:19 21:19
5,62,263,D,7,False,False,4,plain,263 287 311 335 359 358 357,23:10 23:11 23:12 23:13 23:14 22:14 21:14
5,63,9,L,6,False,False,4,plain,9 10 11 12 36 60,9:0 10:0 11:0 12:0 12:1 12:2
5,64,623,U,6,False,False,2,plain,623 599 575 551 527 526,23:25 23:24 23:23 23:22 23:21 22:21
5,65,239,U,7,False,False,-2,plain,239 215 191 167 143 119 118,23:9 23:8 23:7 23:6 23:5 23:4 22:4
5,66,95,U,7,False,False,-2,plain,95 71 47 23 22 21 20,23:3 23:2 23:1 23:0 22:0 21:0 20:0
5,67,32,U,7,False,False,-2,plain,32 8 7 6 5 4 3,8:1 8:0 7:0 6:0 5:0 4:0 3:0
5,68,799,U,2,True,False,3,outer,799 775,7:33 7:32
5,69,728,U,4,False,True,13,anchored,728 704 705 706,8:30 8:29 9:29 10:29
6,1,187,R,7,False,True,40,anchored,187 186 210 234 258 282 306,19:7 18:7 18:8 18:9 18:10 18:11 18:12
6,2,516,L,7,False,True,36,anchored,516 517 493 469 445 421 397,12:21 13:21 13:20 13:19 13:18 13:17 13:16
6,3,488,R,7,False,True,36,anchored,488 487 486 462 438 414 390,8:20 7:20 6:20 6:19 6:18 6:17 6:16
6,4,559,R,7,False,True,33,anchored,559 558 582 606 630 654 678,7:23 6:23 6:24 6:25 6:26 6:27 6:28
6,5,473,R,7,False,True,32,anchored,473 472 471 470 494 495 496,17:19 16:19 15:19 14:19 14:20 15:20 16:20
6,6,437,U,7,False,True,26,anchored,437 413 389 388 387 386 385,5:18 5:17 5:16 4:16 3:16 2:16 1:16
6,7,463,U,7,False,True,26,anchored,463 439 415 416 417 418 419,7:19 7:18 7:17 8:17 9:17 10:17 11:17
6,8,404,D,7,False,True,24,anchored,404 428 427 426 425 424 423,20:16 20:17 19:17 18:17 17:17 16:17 15:17
6,9,222,R,6,False,True,28,anchored,222 221 245 269 268 244,6:9 5:9 5:10 5:11 4:11 4:10
6,10,444,U,7,False,True,25,anchored,444 420 396 395 394 393 392,12:18 12:17 12:16 11:16 10:16 9:16 8:16
6,11,66,U,7,False,True,22,anchored,66 42 41 40 39 38 37,18:2 18:1 17:1 16:1 15:1 14:1 13:1
6,12,381,L,7,False,True,23,anchored,381 382 406 430 454 478 502,21:15 22:15 22:16 22:17 22:18 22:19 22:20
6,13,79,D,7,False,True,24,anchored,79 103 127 151 175 176 177,7:3 7:4 7:5 7:6 7:7 8:7 9:7
6,14,83,D,5,False,True,21,anchored,83 107 108 109 110,11:3 11:4 12:4 13:4 14:4
6,15,664,D,6,False,True,20,anchored,664 688 712 713 714 715,16:27 16:28 16:29 17:29 18:29 19:29
6,16,736,L,7,False,True,11,anchored,736 737 738 739 763 787 811,16:30 17:30 18:30 19:30 19:31 19:32 19:33
6,17,518,D,5,False,True,24,anchored,518 542 541 540 539,14:21 14:22 13:22 12:22 11:22
6,18,461,D,7,False,True,19,anchored,461 485 509 510 511 512 513,5:19 5:20 5:21 6:21 7:21 8:21 9:21
6,19,448,L,7,False,True,18,anchored,448 449 450 474 498 522 546,16:18 17:18 18:18 18:19 18:20 18:21 18:22
6,20,225,U,5,False,True,15,anchored,225 201 200 199 198,9:9 9:8 8:8 7:8 6:8
6,21,161,U,6,False,True,15,anchored,161 137 113 89 90 91,17:6 17:5 17:4 17:3 18:3 19:3
6,22,676,L,6,False,True,26,anchored,676 677 653 629 605 581,4:28 5:28 5:27 5:26 5:25 5:24
6,23,185,R,4,False,True,15,anchored,185 184 160 136,17:7 16:7 16:6 16:5
6,24,77,L,4,False,True,17,anchored,77 78 102 126,5:3 6:3 6:4 6:5
6,25,81,U,4,False,True,16,anchored,81 57 58 59,9:3 9:2 10:2 11:2
6,26,603,R,7,False,True,14,anchored,603 602 578 554 530 506 482,3:25 2:25 2:24 2:23 2:22 2:21 2:20
6,27,674,R,7,False,True,0,anchored,674 673 697 721 745 769 793,2:28 1:28 1:29 1:30 1:31 1:32 1:33
6,28,117,D,5,False,True,10,anchored,117 141 165 189 188,21:4 21:5 21:6 21:7 20:7
6,29,194,L,5,False,True,12,anchored,194 195 196 172 148,2:8 3:8 4:8 4:7 4:6
6,30,591,L,7,False,True,13,anchored,591 592 593 569 545 521 497,15:24 16:24 17:24 17:23 17:22 17:21 17:20
6,31,750,D,6,False,True,4,anchored,750 774 798 797 796 795,6:31 6:32 6:33 5:33 4:33 3:33
6,32,371,U,4,False,True,10,anchored,371 347 323 322,11:15 11:14 11:13 10:13
6,33,741,L,7,False,True,2,anchored,741 742 743 719 695 671 647,21:30 22:30 23:30 23:29 23:28 23:27 23:26
6,34,235,D,6,False,True,18,anchored,235 259 283 307 308 309,19:9 19:10 19:11 19:12 20:12 21:12
6,35,67,L,4,False,True,9,anchored,67 68 69 45,19:2 20:2 21:2 21:1
6,36,410,R,7,False,True,2,anchored,410 409 408 384 360 336 312,2:17 1:17 0:17 0:16 0:15 0:14 0:13
6,37,740,D,7,False,True,-3,anchored,740 764 788 789 813 814 815,20:30 20:31 20:32 21:32 21:33 22:33 23:33
6,38,560,L,3,False,True,12,anchored,560 561 562,8:23 9:23 10:23
6,39,51,R,7,False,True,1,anchored,51 50 49 48 72 96 120,3:2 2:2 1:2 0:2 0:3 0:4 0:5
6,40,220,R,2,False,True,8,anchored,220 219,4:9 3:9
6,41,762,D,7,False,True,-1,anchored,762 786 810 809 808 807 806,18:31 18:32 18:33 17:33 16:33 15:33 14:33
6,42,250,L,3,False,True,4,anchored,250 251 275,10:10 11:10 11:11
6,43,279,D,3,False,True,4,anchored,279 303 302,15:11 15:12 14:12
6,44,548,D,3,False,True,4,anchored,548 572 573,20:22 20:23 21:23
6,45,564,D,3,False,True,5,anchored,564 588 612,12:23 12:24 12:25
6,46,223,D,3,False,True,14,anchored,223 247 246,7:9 7:10 6:10
6,47,29,R,4,False,True,7,anchored,29 28 52 76,5:1 4:1 4:2 4:3
6,48,65,R,3,False,True,8,anchored,65 64 88,17:2 16:2 16:3
6,49,217,D,3,False,True,4,anchored,217 241 265,1:9 1:10 1:11
6,50,271,D,2,False,True,3,anchored,271 295,7:11 7:12
6,51,285,U,2,False,True,3,anchored,285 261,21:11 21:10
6,52,98,D,3,False,True,6,anchored,98 122 123,2:4 2:5 3:5
6,53,700,D,2,False,True,4,anchored,700 724,4:29 4:30
6,54,805,R,7,False,False,2,plain,805 804 803 802 801 800 776,13:33 12:33 11:33 10:33 9:33 8:33 8:32
6,55,584,L,2,False,True,8,anchored,584 585,8:24 9:24
6,56,333,R,2,False,True,5,anchored,333 332,21:13 20:13
6,57,27,R,6,False,True,-6,anchored,27 26 25 24 0 1,3:1 2:1 1:1 0:1 0:0 1:0
6,58,84,L,2,False,True,4,anchored,84 85,12:3 13:3
6,59,529,D,7,False,True,-5,anchored,529 553 577 601 625 649 648,1:22 1:23 1:24 1:25 1:26 1:27 0:27
6,60,338,U,2,False,True,3,anchored,338 314,2:14 2:13
6,61,452,D,3,False,True,6,anchored,452 476 477,20:18 20:19 21:19
6,62,263,D,7,False,False,4,plain,263 287 311 335 359 358 357,23:10 23:11 23:12 23:13 23:14 22:14 21:14
6,63,9,L,6,False,False,4,plain,9 10 11 12 36 60,9:0 10:0 11:0 12:0 12:1 12:2
6,64,623,U,6,False,False,2,plain,623 599 575 551 527 526,23:25 23:24 23:23 23:22 23:21 22:21
6,65,239,U,7,False,False,-2,plain,239 215 191 167 143 119 118,23:9 23:8 23:7 23:6 23:5 23:4 22:4
6,66,95,U,7,False,False,-2,plain,95 71 47 23 22 21 20,23:3 23:2 23:1 23:0 22:0 21:0 20:0
6,67,32,U,7,False,False,-2,plain,32 8 7 6 5 4 3,8:1 8:0 7:0 6:0 5:0 4:0 3:0
6,68,799,U,2,True,False,3,outer,799 775,7:33 7:32
6,69,728,U,4,False,True,13,anchored,728 704 705 706,8:30 8:29 9:29 10:29
7,1,187,R,7,False,True,40,anchored,187 186 210 234 258 282 306,19:7 18:7 18:8 18:9 18:10 18:11 18:12
7,2,516,L,7,False,True,36,anchored,516 517 493 469 445 421 397,12:21 13:21 13:20 13:19 13:18 13:17 13:16
7,3,488,R,7,False,True,36,anchored,488 487 486 462 438 414 390,8:20 7:20 6:20 6:19 6:18 6:17 6:16
7,4,559,R,7,False,True,33,anchored,559 558 582 606 630 654 678,7:23 6:23 6:24 6:25 6:26 6:27 6:28
7,5,473,R,7,False,True,32,anchored,473 472 471 470 494 495 496,17:19 16:19 15:19 14:19 14:20 15:20 16:20
7,6,437,U,7,False,True,26,anchored,437 413 389 388 387 386 385,5:18 5:17 5:16 4:16 3:16 2:16 1:16
7,7,463,U,7,False,True,26,anchored,463 439 415 416 417 418 419,7:19 7:18 7:17 8:17 9:17 10:17 11:17
7,8,404,D,7,False,True,24,anchored,404 428 427 426 425 424 423,20:16 20:17 19:17 18:17 17:17 16:17 15:17
7,9,222,R,6,False,True,28,anchored,222 221 245 269 268 244,6:9 5:9 5:10 5:11 4:11 4:10
7,10,444,U,7,False,True,25,anchored,444 420 396 395 394 393 392,12:18 12:17 12:16 11:16 10:16 9:16 8:16
7,11,66,U,7,False,True,22,anchored,66 42 41 40 39 38 37,18:2 18:1 17:1 16:1 15:1 14:1 13:1
7,12,381,L,7,False,True,23,anchored,381 382 406 430 454 478 502,21:15 22:15 22:16 22:17 22:18 22:19 22:20
7,13,79,D,7,False,True,24,anchored,79 103 127 151 175 176 177,7:3 7:4 7:5 7:6 7:7 8:7 9:7
7,14,83,D,5,False,True,21,anchored,83 107 108 109 110,11:3 11:4 12:4 13:4 14:4
7,15,664,D,6,False,True,20,anchored,664 688 712 713 714 715,16:27 16:28 16:29 17:29 18:29 19:29
7,16,736,L,7,False,True,11,anchored,736 737 738 739 763 787 811,16:30 17:30 18:30 19:30 19:31 19:32 19:33
7,17,518,D,5,False,True,24,anchored,518 542 541 540 539,14:21 14:22 13:22 12:22 11:22
7,18,461,D,7,False,True,19,anchored,461 485 509 510 511 512 513,5:19 5:20 5:21 6:21 7:21 8:21 9:21
7,19,448,L,7,False,True,18,anchored,448 449 450 474 498 522 546,16:18 17:18 18:18 18:19 18:20 18:21 18:22
7,20,225,U,5,False,True,15,anchored,225 201 200 199 198,9:9 9:8 8:8 7:8 6:8
7,21,161,U,6,False,True,15,anchored,161 137 113 89 90 91,17:6 17:5 17:4 17:3 18:3 19:3
7,22,676,L,6,False,True,26,anchored,676 677 653 629 605 581,4:28 5:28 5:27 5:26 5:25 5:24
7,23,185,R,4,False,True,15,anchored,185 184 160 136,17:7 16:7 16:6 16:5
7,24,77,L,4,False,True,17,anchored,77 78 102 126,5:3 6:3 6:4 6:5
7,25,81,U,4,False,True,16,anchored,81 57 58 59,9:3 9:2 10:2 11:2
7,26,603,R,7,False,True,14,anchored,603 602 578 554 530 506 482,3:25 2:25 2:24 2:23 2:22 2:21 2:20
7,27,674,R,7,False,True,0,anchored,674 673 697 721 745 769 793,2:28 1:28 1:29 1:30 1:31 1:32 1:33
7,28,117,D,5,False,True,10,anchored,117 141 165 189 188,21:4 21:5 21:6 21:7 20:7
7,29,194,L,5,False,True,12,anchored,194 195 196 172 148,2:8 3:8 4:8 4:7 4:6
7,30,591,L,7,False,True,13,anchored,591 592 593 569 545 521 497,15:24 16:24 17:24 17:23 17:22 17:21 17:20
7,31,750,D,6,False,True,4,anchored,750 774 798 797 796 795,6:31 6:32 6:33 5:33 4:33 3:33
7,32,371,U,4,False,True,10,anchored,371 347 323 322,11:15 11:14 11:13 10:13
7,33,235,D,6,False,True,18,anchored,235 259 283 307 308 309,19:9 19:10 19:11 19:12 20:12 21:12
7,34,67,L,4,False,True,9,anchored,67 68 69 45,19:2 20:2 21:2 21:1
7,35,410,R,7,False,True,2,anchored,410 409 408 384 360 336 312,2:17 1:17 0:17 0:16 0:15 0:14 0:13
7,36,765,L,7,False,True,-1,anchored,765 766 767 743 719 695 671,21:31 22:31 23:31 23:30 23:29 23:28 23:27
7,37,762,D,7,False,True,-1,anchored,762 786 810 809 808 807 806,18:31 18:32 18:33 17:33 16:33 15:33 14:33
7,38,560,L,3,False,True,12,anchored,560 561 562,8:23 9:23 10:23
7,39,51,R,7,False,True,1,anchored,51 50 49 48 72 96 120,3:2 2:2 1:2 0:2 0:3 0:4 0:5
7,40,700,D,3,False,True,5,anchored,700 724 725,4:29 4:30 5:30
7,41,740,D,7,False,True,-3,anchored,740 764 788 789 813 814 815,20:30 20:31 20:32 21:32 21:33 22:33 23:33
7,42,220,R,2,False,True,8,anchored,220 219,4:9 3:9
7,43,250,L,3,False,True,4,anchored,250 251 275,10:10 11:10 11:11
7,44,279,D,3,False,True,4,anchored,279 303 302,15:11 15:12 14:12
7,45,548,D,3,False,True,4,anchored,548 572 573,20:22 20:23 21:23
7,46,564,D,3,False,True,5,anchored,564 588 612,12:23 12:24 12:25
7,47,223,D,3,False,True,14,anchored,223 247 246,7:9 7:10 6:10
7,48,29,R,4,False,True,7,anchored,29 28 52 76,5:1 4:1 4:2 4:3
7,49,65,R,3,False,True,8,anchored,65 64 88,17:2 16:2 16:3
7,50,217,D,3,False,True,4,anchored,217 241 265,1:9 1:10 1:11
7,51,271,D,2,False,True,3,anchored,271 295,7:11 7:12
7,52,285,U,2,False,True,3,anchored,285 261,21:11 21:10
7,53,98,D,3,False,True,6,anchored,98 122 123,2:4 2:5 3:5
7,54,804,R,7,False,False,2,plain,804 803 802 801 800 799 775,12:33 11:33 10:33 9:33 8:33 7:33 7:32
7,55,584,L,2,False,True,8,anchored,584 585,8:24 9:24
7,56,333,R,2,False,True,5,anchored,333 332,21:13 20:13
7,57,27,R,6,False,True,-6,anchored,27 26 25 24 0 1,3:1 2:1 1:1 0:1 0:0 1:0
7,58,84,L,2,False,True,4,anchored,84 85,12:3 13:3
7,59,529,D,7,False,True,-5,anchored,529 553 577 601 625 649 648,1:22 1:23 1:24 1:25 1:26 1:27 0:27
7,60,338,U,2,False,True,3,anchored,338 314,2:14 2:13
7,61,452,D,3,False,True,6,anchored,452 476 477,20:18 20:19 21:19
7,62,647,U,7,False,False,2,plain,647 623 599 575 551 527 526,23:26 23:25 23:24 23:23 23:22 23:21 22:21
7,63,263,D,7,False,False,4,plain,263 287 311 335 359 358 357,23:10 23:11 23:12 23:13 23:14 22:14 21:14
7,64,9,L,6,False,False,4,plain,9 10 11 12 36 60,9:0 10:0 11:0 12:0 12:1 12:2
7,65,239,U,7,False,False,-2,plain,239 215 191 167 143 119 118,23:9 23:8 23:7 23:6 23:5 23:4 22:4
7,66,95,U,7,False,False,-2,plain,95 71 47 23 22 21 20,23:3 23:2 23:1 23:0 22:0 21:0 20:0
7,67,32,U,7,False,False,-2,plain,32 8 7 6 5 4 3,8:1 8:0 7:0 6:0 5:0 4:0 3:0
7,68,728,U,4,False,True,13,anchored,728 704 705 706,8:30 8:29 9:29 10:29
8,1,187,R,7,False,True,40,anchored,187 186 210 234 258 282 306,19:7 18:7 18:8 18:9 18:10 18:11 18:12
8,2,516,L,7,False,True,36,anchored,516 517 493 469 445 421 397,12:21 13:21 13:20 13:19 13:18 13:17 13:16
8,3,488,R,7,False,True,36,anchored,488 487 486 462 438 414 390,8:20 7:20 6:20 6:19 6:18 6:17 6:16
8,4,559,R,7,False,True,33,anchored,559 558 582 606 630 654 678,7:23 6:23 6:24 6:25 6:26 6:27 6:28
8,5,473,R,7,False,True,32,anchored,473 472 471 470 494 495 496,17:19 16:19 15:19 14:19 14:20 15:20 16:20
8,6,437,U,7,False,True,26,anchored,437 413 389 388 387 386 385,5:18 5:17 5:16 4:16 3:16 2:16 1:16
8,7,463,U,7,False,True,26,anchored,463 439 415 416 417 418 419,7:19 7:18 7:17 8:17 9:17 10:17 11:17
8,8,404,D,7,False,True,24,anchored,404 428 427 426 425 424 423,20:16 20:17 19:17 18:17 17:17 16:17 15:17
8,9,222,R,6,False,True,28,anchored,222 221 245 269 268 244,6:9 5:9 5:10 5:11 4:11 4:10
8,10,444,U,7,False,True,25,anchored,444 420 396 395 394 393 392,12:18 12:17 12:16 11:16 10:16 9:16 8:16
8,11,66,U,7,False,True,22,anchored,66 42 41 40 39 38 37,18:2 18:1 17:1 16:1 15:1 14:1 13:1
8,12,381,L,7,False,True,23,anchored,381 382 406 430 454 478 502,21:15 22:15 22:16 22:17 22:18 22:19 22:20
8,13,79,D,7,False,True,24,anchored,79 103 127 151 175 176 177,7:3 7:4 7:5 7:6 7:7 8:7 9:7
8,14,83,D,5,False,True,21,anchored,83 107 108 109 110,11:3 11:4 12:4 13:4 14:4
8,15,664,D,6,False,True,20,anchored,664 688 712 713 714 715,16:27 16:28 16:29 17:29 18:29 19:29
8,16,736,L,7,False,True,11,anchored,736 737 738 739 763 787 811,16:30 17:30 18:30 19:30 19:31 19:32 19:33
8,17,518,D,5,False,True,24,anchored,518 542 541 540 539,14:21 14:22 13:22 12:22 11:22
8,18,461,D,7,False,True,19,anchored,461 485 509 510 511 512 513,5:19 5:20 5:21 6:21 7:21 8:21 9:21
8,19,448,L,7,False,True,18,anchored,448 449 450 474 498 522 546,16:18 17:18 18:18 18:19 18:20 18:21 18:22
8,20,225,U,5,False,True,15,anchored,225 201 200 199 198,9:9 9:8 8:8 7:8 6:8
8,21,161,U,6,False,True,15,anchored,161 137 113 89 90 91,17:6 17:5 17:4 17:3 18:3 19:3
8,22,676,L,6,False,True,26,anchored,676 677 653 629 605 581,4:28 5:28 5:27 5:26 5:25 5:24
8,23,185,R,4,False,True,15,anchored,185 184 160 136,17:7 16:7 16:6 16:5
8,24,77,L,4,False,True,17,anchored,77 78 102 126,5:3 6:3 6:4 6:5
8,25,81,U,4,False,True,16,anchored,81 57 58 59,9:3 9:2 10:2 11:2
8,26,603,R,7,False,True,14,anchored,603 602 578 554 530 506 482,3:25 2:25 2:24 2:23 2:22 2:21 2:20
8,27,674,R,7,False,True,0,anchored,674 673 697 721 745 769 793,2:28 1:28 1:29 1:30 1:31 1:32 1:33
8,28,117,D,5,False,True,10,anchored,117 141 165 189 188,21:4 21:5 21:6 21:7 20:7
8,29,194,L,5,False,True,12,anchored,194 195 196 172 148,2:8 3:8 4:8 4:7 4:6
8,30,591,L,7,False,True,13,anchored,591 592 593 569 545 521 497,15:24 16:24 17:24 17:23 17:22 17:21 17:20
8,31,750,D,6,False,True,4,anchored,750 774 798 797 796 795,6:31 6:32 6:33 5:33 4:33 3:33
8,32,371,U,4,False,True,10,anchored,371 347 323 322,11:15 11:14 11:13 10:13
8,33,235,D,6,False,True,18,anchored,235 259 283 307 308 309,19:9 19:10 19:11 19:12 20:12 21:12
8,34,67,L,4,False,True,9,anchored,67 68 69 45,19:2 20:2 21:2 21:1
8,35,410,R,7,False,True,2,anchored,410 409 408 384 360 336 312,2:17 1:17 0:17 0:16 0:15 0:14 0:13
8,36,765,L,7,False,True,-1,anchored,765 766 767 743 719 695 671,21:31 22:31 23:31 23:30 23:29 23:28 23:27
8,37,762,D,7,False,True,-1,anchored,762 786 810 809 808 807 806,18:31 18:32 18:33 17:33 16:33 15:33 14:33
8,38,560,L,3,False,True,12,anchored,560 561 562,8:23 9:23 10:23
8,39,51,R,7,False,True,1,anchored,51 50 49 48 72 96 120,3:2 2:2 1:2 0:2 0:3 0:4 0:5
8,40,700,D,3,False,True,5,anchored,700 724 725,4:29 4:30 5:30
8,41,740,D,7,False,True,-3,anchored,740 764 788 789 813 814 815,20:30 20:31 20:32 21:32 21:33 22:33 23:33
8,42,220,R,2,False,True,8,anchored,220 219,4:9 3:9
8,43,250,L,3,False,True,4,anchored,250 251 275,10:10 11:10 11:11
8,44,279,D,3,False,True,4,anchored,279 303 302,15:11 15:12 14:12
8,45,548,D,3,False,True,4,anchored,548 572 573,20:22 20:23 21:23
8,46,564,D,3,False,True,5,anchored,564 588 612,12:23 12:24 12:25
8,47,223,D,3,False,True,14,anchored,223 247 246,7:9 7:10 6:10
8,48,29,R,4,False,True,7,anchored,29 28 52 76,5:1 4:1 4:2 4:3
8,49,65,R,3,False,True,8,anchored,65 64 88,17:2 16:2 16:3
8,50,217,D,3,False,True,4,anchored,217 241 265,1:9 1:10 1:11
8,51,271,D,2,False,True,3,anchored,271 295,7:11 7:12
8,52,285,U,2,False,True,3,anchored,285 261,21:11 21:10
8,53,728,U,4,False,True,13,anchored,728 704 705 706,8:30 8:29 9:29 10:29
8,54,98,D,3,False,True,6,anchored,98 122 123,2:4 2:5 3:5
8,55,803,R,5,False,False,2,plain,803 802 801 800 776,11:33 10:33 9:33 8:33 8:32
8,56,584,L,2,False,True,8,anchored,584 585,8:24 9:24
8,57,333,R,2,False,True,5,anchored,333 332,21:13 20:13
8,58,27,R,6,False,True,-6,anchored,27 26 25 24 0 1,3:1 2:1 1:1 0:1 0:0 1:0
8,59,84,L,2,False,True,4,anchored,84 85,12:3 13:3
8,60,529,D,7,False,True,-5,anchored,529 553 577 601 625 649 648,1:22 1:23 1:24 1:25 1:26 1:27 0:27
8,61,338,U,2,False,True,3,anchored,338 314,2:14 2:13
8,62,452,D,3,False,True,6,anchored,452 476 477,20:18 20:19 21:19
8,63,647,U,7,False,False,2,plain,647 623 599 575 551 527 526,23:26 23:25 23:24 23:23 23:22 23:21 22:21
8,64,263,D,7,False,False,4,plain,263 287 311 335 359 358 357,23:10 23:11 23:12 23:13 23:14 22:14 21:14
8,65,9,L,6,False,False,4,plain,9 10 11 12 36 60,9:0 10:0 11:0 12:0 12:1 12:2
8,66,239,U,7,False,False,-2,plain,239 215 191 167 143 119 118,23:9 23:8 23:7 23:6 23:5 23:4 22:4
8,67,95,U,7,False,False,-2,plain,95 71 47 23 22 21 20,23:3 23:2 23:1 23:0 22:0 21:0 20:0
8,68,799,U,2,True,False,3,outer,799 775,7:33 7:32
8,69,32,U,7,False,False,-2,plain,32 8 7 6 5 4 3,8:1 8:0 7:0 6:0 5:0 4:0 3:0
9,1,187,R,7,False,True,40,anchored,187 186 210 234 258 282 306,19:7 18:7 18:8 18:9 18:10 18:11 18:12
9,2,516,L,7,False,True,36,anchored,516 517 493 469 445 421 397,12:21 13:21 13:20 13:19 13:18 13:17 13:16
9,3,488,R,7,False,True,36,anchored,488 487 486 462 438 414 390,8:20 7:20 6:20 6:19 6:18 6:17 6:16
9,4,559,R,7,False,True,33,anchored,559 558 582 606 630 654 678,7:23 6:23 6:24 6:25 6:26 6:27 6:28
9,5,473,R,7,False,True,32,anchored,473 472 471 470 494 495 496,17:19 16:19 15:19 14:19 14:20 15:20 16:20
9,6,437,U,7,False,True,26,anchored,437 413 389 388 387 386 385,5:18 5:17 5:16 4:16 3:16 2:16 1:16
9,7,463,U,7,False,True,26,anchored,463 439 415 416 417 418 419,7:19 7:18 7:17 8:17 9:17 10:17 11:17
9,8,404,D,7,False,True,24,anchored,404 428 427 426 425 424 423,20:16 20:17 19:17 18:17 17:17 16:17 15:17
9,9,222,R,6,False,True,28,anchored,222 221 245 269 268 244,6:9 5:9 5:10 5:11 4:11 4:10
9,10,444,U,7,False,True,25,anchored,444 420 396 395 394 393 392,12:18 12:17 12:16 11:16 10:16 9:16 8:16
9,11,66,U,7,False,True,22,anchored,66 42 41 40 39 38 37,18:2 18:1 17:1 16:1 15:1 14:1 13:1
9,12,381,L,7,False,True,23,anchored,381 382 406 430 454 478 502,21:15 22:15 22:16 22:17 22:18 22:19 22:20
9,13,79,D,7,False,True,24,anchored,79 103 127 151 175 176 177,7:3 7:4 7:5 7:6 7:7 8:7 9:7
9,14,83,D,5,False,True,21,anchored,83 107 108 109 110,11:3 11:4 12:4 13:4 14:4
9,15,664,D,6,False,True,20,anchored,664 688 712 713 714 715,16:27 16:28 16:29 17:29 18:29 19:29
9,16,736,L,7,False,True,11,anchored,736 737 738 739 763 787 811,16:30 17:30 18:30 19:30 19:31 19:32 19:33
9,17,518,D,5,False,True,24,anchored,518 542 541 540 539,14:21 14:22 13:22 12:22 11:22
9,18,461,D,7,False,True,19,anchored,461 485 509 510 511 512 513,5:19 5:20 5:21 6:21 7:21 8:21 9:21
9,19,448,L,7,False,True,18,anchored,448 449 450 474 498 522 546,16:18 17:18 18:18 18:19 18:20 18:21 18:22
9,20,225,U,5,False,True,15,anchored,225 201 200 199 198,9:9 9:8 8:8 7:8 6:8
9,21,161,U,6,False,True,15,anchored,161 137 113 89 90 91,17:6 17:5 17:4 17:3 18:3 19:3
9,22,676,L,6,False,True,26,anchored,676 677 653 629 605 581,4:28 5:28 5:27 5:26 5:25 5:24
9,23,185,R,4,False,True,15,anchored,185 184 160 136,17:7 16:7 16:6 16:5
9,24,77,L,4,False,True,17,anchored,77 78 102 126,5:3 6:3 6:4 6:5
9,25,81,U,4,False,True,16,anchored,81 57 58 59,9:3 9:2 10:2 11:2
9,26,603,R,7,False,True,14,anchored,603 602 578 554 530 506 482,3:25 2:25 2:24 2:23 2:22 2:21 2:20
9,27,674,R,7,False,True,0,anchored,674 673 697 721 745 769 793,2:28 1:28 1:29 1:30 1:31 1:32 1:33
9,28,117,D,5,False,True,10,anchored,117 141 165 189 188,21:4 21:5 21:6 21:7 20:7
9,29,194,L,5,False,True,12,anchored,194 195 196 172 148,2:8 3:8 4:8 4:7 4:6
9,30,591,L,7,False,True,13,anchored,591 592 593 569 545 521 497,15:24 16:24 17:24 17:23 17:22 17:21 17:20
9,31,750,D,6,False,True,4,anchored,750 774 798 797 796 795,6:31 6:32 6:33 5:33 4:33 3:33
9,32,371,U,4,False,True,10,anchored,371 347 323 322,11:15 11:14 11:13 10:13
9,33,235,D,6,False,True,18,anchored,235 259 283 307 308 309,19:9 19:10 19:11 19:12 20:12 21:12
9,34,67,L,4,False,True,9,anchored,67 68 69 45,19:2 20:2 21:2 21:1
9,35,410,R,7,False,True,2,anchored,410 409 408 384 360 336 312,2:17 1:17 0:17 0:16 0:15 0:14 0:13
9,36,765,L,7,False,True,-1,anchored,765 766 767 743 719 695 671,21:31 22:31 23:31 23:30 23:29 23:28 23:27
9,37,762,D,7,False,True,-1,anchored,762 786 810 809 808 807 806,18:31 18:32 18:33 17:33 16:33 15:33 14:33
9,38,560,L,3,False,True,12,anchored,560 561 562,8:23 9:23 10:23
9,39,51,R,7,False,True,1,anchored,51 50 49 48 72 96 120,3:2 2:2 1:2 0:2 0:3 0:4 0:5
9,40,220,R,2,False,True,8,anchored,220 219,4:9 3:9
9,41,740,D,7,False,True,-3,anchored,740 764 788 789 813 814 815,20:30 20:31 20:32 21:32 21:33 22:33 23:33
9,42,250,L,3,False,True,4,anchored,250 251 275,10:10 11:10 11:11
9,43,279,D,3,False,True,4,anchored,279 303 302,15:11 15:12 14:12
9,44,548,D,3,False,True,4,anchored,548 572 573,20:22 20:23 21:23
9,45,564,D,3,False,True,5,anchored,564 588 612,12:23 12:24 12:25
9,46,223,D,3,False,True,14,anchored,223 247 246,7:9 7:10 6:10
9,47,29,R,4,False,True,7,anchored,29 28 52 76,5:1 4:1 4:2 4:3
9,48,65,R,3,False,True,8,anchored,65 64 88,17:2 16:2 16:3
9,49,217,D,3,False,True,4,anchored,217 241 265,1:9 1:10 1:11
9,50,271,D,2,False,True,3,anchored,271 295,7:11 7:12
9,51,728,U,4,False,True,13,anchored,728 704 705 706,8:30 8:29 9:29 10:29
9,52,285,U,2,False,True,3,anchored,285 261,21:11 21:10
9,53,98,D,3,False,True,6,anchored,98 122 123,2:4 2:5 3:5
9,54,804,R,6,False,False,2,plain,804 803 802 801 800 776,12:33 11:33 10:33 9:33 8:33 8:32
9,55,700,D,2,False,True,4,anchored,700 724,4:29 4:30
9,56,584,L,2,False,True,8,anchored,584 585,8:24 9:24
9,57,333,R,2,False,True,5,anchored,333 332,21:13 20:13
9,58,27,R,6,False,True,-6,anchored,27 26 25 24 0 1,3:1 2:1 1:1 0:1 0:0 1:0
9,59,84,L,2,False,True,4,anchored,84 85,12:3 13:3
9,60,529,D,7,False,True,-5,anchored,529 553 577 601 625 649 648,1:22 1:23 1:24 1:25 1:26 1:27 0:27
9,61,338,U,2,False,True,3,anchored,338 314,2:14 2:13
9,62,452,D,3,False,True,6,anchored,452 476 477,20:18 20:19 21:19
9,63,647,U,7,False,False,2,plain,647 623 599 575 551 527 526,23:26 23:25 23:24 23:23 23:22 23:21 22:21
9,64,263,D,7,False,False,4,plain,263 287 311 335 359 358 357,23:10 23:11 23:12 23:13 23:14 22:14 21:14
9,65,9,L,6,False,False,4,plain,9 10 11 12 36 60,9:0 10:0 11:0 12:0 12:1 12:2
9,66,239,U,7,False,False,-2,plain,239 215 191 167 143 119 118,23:9 23:8 23:7 23:6 23:5 23:4 22:4
9,67,95,U,7,False,False,-2,plain,95 71 47 23 22 21 20,23:3 23:2 23:1 23:0 22:0 21:0 20:0
9,68,799,U,2,True,False,3,outer,799 775,7:33 7:32
9,69,32,U,7,False,False,-2,plain,32 8 7 6 5 4 3,8:1 8:0 7:0 6:0 5:0 4:0 3:0
10,1,187,R,7,False,True,40,anchored,187 186 210 234 258 282 306,19:7 18:7 18:8 18:9 18:10 18:11 18:12
10,2,516,L,7,False,True,36,anchored,516 517 493 469 445 421 397,12:21 13:21 13:20 13:19 13:18 13:17 13:16
10,3,488,R,7,False,True,36,anchored,488 487 486 462 438 414 390,8:20 7:20 6:20 6:19 6:18 6:17 6:16
10,4,559,R,7,False,True,33,anchored,559 558 582 606 630 654 678,7:23 6:23 6:24 6:25 6:26 6:27 6:28
10,5,473,R,7,False,True,32,anchored,473 472 471 470 494 495 496,17:19 16:19 15:19 14:19 14:20 15:20 16:20
10,6,437,U,7,False,True,26,anchored,437 413 389 388 387 386 385,5:18 5:17 5:16 4:16 3:16 2:16 1:16
10,7,463,U,7,False,True,26,anchored,463 439 415 416 417 418 419,7:19 7:18 7:17 8:17 9:17 10:17 11:17
10,8,404,D,7,False,True,24,anchored,404 428 427 426 425 424 423,20:16 20:17 19:17 18:17 17:17 16:17 15:17
10,9,222,R,6,False,True,28,anchored,222 221 245 269 268 244,6:9 5:9 5:10 5:11 4:11 4:10
10,10,444,U,7,False,True,25,anchored,444 420 396 395 394 393 392,12:18 12:17 12:16 11:16 10:16 9:16 8:16
10,11,66,U,7,False,True,22,anchored,66 42 41 40 39 38 37,18:2 18:1 17:1 16:1 15:1 14:1 13:1
10,12,381,L,7,False,True,23,anchored,381 382 406 430 454 478 502,21:15 22:15 22:16 22:17 22:18 22:19 22:20
10,13,79,D,7,False,True,24,anchored,79 103 127 151 175 176 177,7:3 7:4 7:5 7:6 7:7 8:7 9:7
10,14,83,D,5,False,True,21,anchored,83 107 108 109 110,11:3 11:4 12:4 13:4 14:4
10,15,664,D,6,False,True,20,anchored,664 688 712 713 714 715,16:27 16:28 16:29 17:29 18:29 19:29
10,16,736,L,7,False,True,11,anchored,736 737 738 739 763 787 811,16:30 17:30 18:30 19:30 19:31 19:32 19:33
10,17,518,D,5,False,True,24,anchored,518 542 541 540 539,14:21 14:22 13:22 12:22 11:22
10,18,461,D,7,False,True,19,anchored,461 485 509 510 511 512 513,5:19 5:20 5:21 6:21 7:21 8:21 9:21
10,19,448,L,7,False,True,18,anchored,448 449 450 474 498 522 546,16:18 17:18 18:18 18:19 18:20 18:21 18:22
10,20,225,U,5,False,True,15,anchored,225 201 200 199 198,9:9 9:8 8:8 7:8 6:8
10,21,161,U,6,False,True,15,anchored,161 137 113 89 90 91,17:6 17:5 17:4 17:3 18:3 19:3
10,22,676,L,6,False,True,26,anchored,676 677 653 629 605 581,4:28 5:28 5:27 5:26 5:25 5:24
10,23,185,R,4,False,True,15,anchored,185 184 160 136,17:7 16:7 16:6 16:5
10,24,77,L,4,False,True,17,anchored,77 78 102 126,5:3 6:3 6:4 6:5
10,25,81,U,4,False,True,16,anchored,81 57 58 59,9:3 9:2 10:2 11:2
10,26,603,R,7,False,True,14,anchored,603 602 578 554 530 506 482,3:25 2:25 2:24 2:23 2:22 2:21 2:20
10,27,674,R,7,False,True,0,anchored,674 673 697 721 745 769 793,2:28 1:28 1:29 1:30 1:31 1:32 1:33
10,28,117,D,5,False,True,10,anchored,117 141 165 189 188,21:4 21:5 21:6 21:7 20:7
10,29,194,L,5,False,True,12,anchored,194 195 196 172 148,2:8 3:8 4:8 4:7 4:6
10,30,591,L,7,False,True,13,anchored,591 592 593 569 545 521 497,15:24 16:24 17:24 17:23 17:22 17:21 17:20
10,31,750,D,6,False,True,4,anchored,750 774 798 797 796 795,6:31 6:32 6:33 5:33 4:33 3:33
10,32,371,U,4,False,True,10,anchored,371 347 323 322,11:15 11:14 11:13 10:13
10,33,741,L,7,False,True,2,anchored,741 742 743 719 695 671 647,21:30 22:30 23:30 23:29 23:28 23:27 23:26
10,34,235,D,6,False,True,18,anchored,235 259 283 307 308 309,19:9 19:10 19:11 19:12 20:12 21:12
10,35,67,L,4,False,True,9,anchored,67 68 69 45,19:2 20:2 21:2 21:1
10,36,410,R,7,False,True,2,anchored,410 409 408 384 360 336 312,2:17 1:17 0:17 0:16 0:15 0:14 0:13
10,37,740,D,7,False,True,-3,anchored,740 764 788 789 813 814 815,20:30 20:31 20:32 21:32 21:33 22:33 23:33
10,38,560,L,3,False,True,12,anchored,560 561 562,8:23 9:23 10:23
10,39,51,R,7,False,True,1,anchored,51 50 49 48 72 96 120,3:2 2:2 1:2 0:2 0:3 0:4 0:5
10,40,700,D,3,False,True,5,anchored,700 724 725,4:29 4:30 5:30
10,41,762,D,7,False,True,-1,anchored,762 786 810 809 808 807 806,18:31 18:32 18:33 17:33 16:33 15:33 14:33
10,42,220,R,2,False,True,8,anchored,220 219,4:9 3:9
10,43,250,L,3,False,True,4,anchored,250 251 275,10:10 11:10 11:11
10,44,279,D,3,False,True,4,anchored,279 303 302,15:11 15:12 14:12
10,45,548,D,3,False,True,4,anchored,548 572 573,20:22 20:23 21:23
10,46,564,D,3,False,True,5,anchored,564 588 612,12:23 12:24 12:25
10,47,223,D,3,False,True,14,anchored,223 247 246,7:9 7:10 6:10
10,48,29,R,4,False,True,7,anchored,29 28 52 76,5:1 4:1 4:2 4:3
10,49,65,R,3,False,True,8,anchored,65 64 88,17:2 16:2 16:3
10,50,217,D,3,False,True,4,anchored,217 241 265,1:9 1:10 1:11
10,51,271,D,2,False,True,3,anchored,271 295,7:11 7:12
10,52,285,U,2,False,True,3,anchored,285 261,21:11 21:10
10,53,98,D,3,False,True,6,anchored,98 122 123,2:4 2:5 3:5
10,54,804,R,7,False,False,2,plain,804 803 802 801 800 799 775,12:33 11:33 10:33 9:33 8:33 7:33 7:32
10,55,584,L,2,False,True,8,anchored,584 585,8:24 9:24
10,56,333,R,2,False,True,5,anchored,333 332,21:13 20:13
10,57,27,R,6,False,True,-6,anchored,27 26 25 24 0 1,3:1 2:1 1:1 0:1 0:0 1:0
10,58,84,L,2,False,True,4,anchored,84 85,12:3 13:3
10,59,529,D,7,False,True,-5,anchored,529 553 577 601 625 649 648,1:22 1:23 1:24 1:25 1:26 1:27 0:27
10,60,338,U,2,False,True,3,anchored,338 314,2:14 2:13
10,61,452,D,3,False,True,6,anchored,452 476 477,20:18 20:19 21:19
10,62,263,D,7,False,False,4,plain,263 287 311 335 359 358 357,23:10 23:11 23:12 23:13 23:14 22:14 21:14
10,63,9,L,6,False,False,4,plain,9 10 11 12 36 60,9:0 10:0 11:0 12:0 12:1 12:2
10,64,623,U,6,False,False,2,plain,623 599 575 551 527 526,23:25 23:24 23:23 23:22 23:21 22:21
10,65,239,U,7,False,False,-2,plain,239 215 191 167 143 119 118,23:9 23:8 23:7 23:6 23:5 23:4 22:4
10,66,95,U,7,False,False,-2,plain,95 71 47 23 22 21 20,23:3 23:2 23:1 23:0 22:0 21:0 20:0
10,67,32,U,7,False,False,-2,plain,32 8 7 6 5 4 3,8:1 8:0 7:0 6:0 5:0 4:0 3:0
10,68,728,U,4,False,True,13,anchored,728 704 705 706,8:30 8:29 9:29 10:29
